tier,risk,due_date,cve_id,asset,base_score,epss_score,kev,why,cwe,vendorproject,product
P1,100.0,2026-10-12,CVE-2024-50623,claims-worker (Java),9.8,0.98607,True,Known exploited + ransomware use,CWE-434,Cleo,Multiple Products
P1,99.3,2026-10-12,CVE-2024-23113,payments-api (.NET 8),9.8,0.61725,True,Known exploited (CISA KEV),CWE-134,Fortinet,Multiple Products
P1,97.6,2026-10-12,CVE-2025-22224,payments-api (.NET 8),9.3,0.01561,True,Known exploited (CISA KEV),CWE-367,VMware,ESXi and Workstation
P2,85.0,2026-11-04,CVE-2023-2915,customer-portal (Angular),7.5,0.81828,False,High exploitation probability (EPSS ≥ 0.10),CWE-20,,
P2,79.3,2026-11-04,CVE-2024-42010,reporting-db,7.5,0.66661,False,High exploitation probability (EPSS ≥ 0.10),CWE-200,,
P2,75.3,2026-11-04,CVE-2023-43661,k8s-ingress,8.8,0.46904,False,High exploitation probability (EPSS ≥ 0.10),CWE-94,,
P2,70.2,2026-11-04,CVE-2025-25064,payments-api (.NET 8),8.8,0.36726,False,High exploitation probability (EPSS ≥ 0.10),CWE-89,,
P2,52.7,2026-11-04,CVE-2025-53766,claims-worker (Java),9.8,0.08028,False,Critical severity with elevated EPSS (≥ 0.05),CWE-122,,
P3,47.1,2027-01-03,CVE-2023-3197,reporting-db,9.8,0.0387,False,"High severity, low current likelihood",CWE-89,,
P3,46.0,2027-01-03,CVE-2026-9456,payments-api (.NET 8),9.8,0.03253,False,"High severity, low current likelihood",CWE-77,,
P3,45.4,2027-01-03,CVE-2024-7340,payments-api (.NET 8),8.8,0.05015,False,"High severity, low current likelihood",CWE-22,,
P3,45.3,2027-01-03,CVE-2026-27971,claims-worker (Java),9.8,0.02884,False,"High severity, low current likelihood",CWE-502,,
P3,42.5,2027-01-03,CVE-2025-24237,claims-worker (Java),9.8,0.01605,False,"High severity, low current likelihood",CWE-120,,
P3,41.8,2027-01-03,CVE-2023-37292,payments-api (.NET 8),9.8,0.01318,False,"High severity, low current likelihood",CWE-78,,
P3,41.7,2027-01-03,CVE-2020-36897,payments-api (.NET 8),9.8,0.01297,False,"High severity, low current likelihood",CWE-434,,
P3,41.7,2027-01-03,CVE-2024-50493,payments-api (.NET 8),10.0,0.01063,False,"High severity, low current likelihood",CWE-434,,
P3,41.5,2027-01-03,CVE-2025-14558,payments-api (.NET 8),7.2,0.06272,False,"High severity, low current likelihood",CWE-20,,
P3,41.1,2027-01-03,CVE-2025-6104,reporting-db,8.8,0.02533,False,"High severity, low current likelihood",CWE-77,,
P3,41.1,2027-01-03,CVE-2024-20678,customer-portal (Angular),8.8,0.02518,False,"High severity, low current likelihood",CWE-843,,
P3,40.5,2027-01-03,CVE-2024-51360,k8s-ingress,9.8,0.00924,False,"High severity, low current likelihood",CWE-94,,
P3,40.2,2027-01-03,CVE-2023-46787,reporting-db,9.8,0.00831,False,"High severity, low current likelihood",CWE-89,,
P3,40.2,2027-01-03,CVE-2025-63823,customer-portal (Angular),9.8,0.00813,False,"High severity, low current likelihood",CWE-798,,
P3,40.2,2027-01-03,CVE-2024-48967,reporting-db,10.0,0.0063,False,"High severity, low current likelihood",CWE-778,,
P3,40.1,2027-01-03,CVE-2023-5288,k8s-ingress,9.8,0.008,False,"High severity, low current likelihood",CWE-284,,
P3,39.9,2027-01-03,CVE-2021-37317,k8s-ingress,9.1,0.01536,False,"High severity, low current likelihood",CWE-22,,
P3,39.8,2027-01-03,CVE-2026-3256,k8s-ingress,9.8,0.00706,False,"High severity, low current likelihood",CWE-338,,
P3,39.5,2027-01-03,CVE-2026-26217,payments-api (.NET 8),8.6,0.0207,False,"High severity, low current likelihood",CWE-22,,
P3,39.5,2027-01-03,CVE-2026-51764,payments-api (.NET 8),9.8,0.00641,False,"High severity, low current likelihood",CWE-284,,
P3,39.3,2027-01-03,CVE-2026-24015,claims-worker (Java),9.8,0.00584,False,"High severity, low current likelihood",CWE-1327,,
P3,39.1,2027-01-03,CVE-2024-37340,claims-worker (Java),8.8,0.01623,False,"High severity, low current likelihood",CWE-822,,
P3,39.0,2027-01-03,CVE-2026-47891,claims-worker (Java),9.8,0.00522,False,"High severity, low current likelihood",CWE-770,,
P3,39.0,2027-01-03,CVE-2023-7081,payments-api (.NET 8),9.8,0.00519,False,"High severity, low current likelihood",CWE-89,,
P3,38.6,2027-01-03,CVE-2025-71317,reporting-db,9.8,0.00432,False,"High severity, low current likelihood",CWE-798,,
P3,38.4,2027-01-03,CVE-2026-58023,reporting-db,9.1,0.01017,False,"High severity, low current likelihood",CWE-125,,
P3,38.4,2027-01-03,CVE-2026-52993,payments-api (.NET 8),9.8,0.00404,False,"High severity, low current likelihood",CWE-415,,
P3,38.2,2027-01-03,CVE-2026-95281,claims-worker (Java),9.6,0.00507,False,"High severity, low current likelihood",CWE-122,,
P3,38.1,2027-01-03,CVE-2025-21286,customer-portal (Angular),8.8,0.01267,False,"High severity, low current likelihood",CWE-122,,
P3,37.6,2027-01-03,CVE-2025-31359,customer-portal (Angular),8.8,0.01103,False,"High severity, low current likelihood",CWE-22,,
P3,37.5,2027-01-03,CVE-2023-47890,reporting-db,8.8,0.01058,False,"High severity, low current likelihood",CWE-22,,
P3,37.5,2027-01-03,CVE-2023-41204,claims-worker (Java),8.8,0.01049,False,"High severity, low current likelihood",CWE-121,,
P3,37.4,2027-01-03,CVE-2024-5709,payments-api (.NET 8),8.8,0.01021,False,"High severity, low current likelihood",CWE-22,,
P3,37.3,2027-01-03,CVE-2026-5152,reporting-db,8.8,0.01009,False,"High severity, low current likelihood",CWE-119,,
P3,37.0,2027-01-03,CVE-2024-38095,claims-worker (Java),7.5,0.02741,False,"High severity, low current likelihood",CWE-20,,
P3,36.9,2027-01-03,CVE-2023-1408,reporting-db,7.2,0.03229,False,"High severity, low current likelihood",Other/Unknown,,
P3,36.9,2027-01-03,CVE-2023-1818,claims-worker (Java),8.8,0.00877,False,"High severity, low current likelihood",CWE-416,,
P3,36.8,2027-01-03,CVE-2024-57587,payments-api (.NET 8),9.1,0.00582,False,"High severity, low current likelihood",CWE-89,,
P3,36.7,2027-01-03,CVE-2025-7550,claims-worker (Java),8.8,0.00818,False,"High severity, low current likelihood",CWE-119,,
P3,36.6,2027-01-03,CVE-2026-59140,customer-portal (Angular),9.1,0.00539,False,"High severity, low current likelihood",CWE-125,,
P3,36.5,2027-01-03,CVE-2024-7534,customer-portal (Angular),8.8,0.00766,False,"High severity, low current likelihood",CWE-122,,
P3,36.4,2027-01-03,CVE-2024-1206,k8s-ingress,8.8,0.00734,False,"High severity, low current likelihood",CWE-89,,
P3,36.3,2027-01-03,CVE-2022-45790,customer-portal (Angular),8.6,0.00905,False,"High severity, low current likelihood",CWE-307,,
P3,36.3,2027-01-03,CVE-2023-52139,k8s-ingress,9.0,0.00549,False,"High severity, low current likelihood",CWE-285,,
P3,36.0,2027-01-03,CVE-2025-53260,claims-worker (Java),9.1,0.00403,False,"High severity, low current likelihood",CWE-434,,
P3,35.9,2027-01-03,CVE-2026-57301,customer-portal (Angular),8.8,0.00627,False,"High severity, low current likelihood",CWE-610,,
P3,35.8,2027-01-03,CVE-2024-21348,customer-portal (Angular),7.5,0.02176,False,"High severity, low current likelihood",CWE-122,,
P3,35.7,2027-01-03,CVE-2026-16526,claims-worker (Java),8.8,0.0057,False,"High severity, low current likelihood",CWE-403,,
P3,35.6,2027-01-03,CVE-2026-93697,claims-worker (Java),9.0,0.00401,False,"High severity, low current likelihood",CWE-79,,
P3,35.5,2027-01-03,CVE-2025-25163,k8s-ingress,7.5,0.0204,False,"High severity, low current likelihood",CWE-22,,
P3,35.5,2027-01-03,CVE-2020-11862,k8s-ingress,8.6,0.007,False,"High severity, low current likelihood",CWE-770,,
P3,35.5,2027-01-03,CVE-2026-33207,reporting-db,8.8,0.00517,False,"High severity, low current likelihood",CWE-89,,
P3,35.5,2027-01-03,CVE-2023-5719,customer-portal (Angular),8.8,0.00514,False,"High severity, low current likelihood",CWE-158,,
P3,35.5,2027-01-03,CVE-2026-39815,claims-worker (Java),8.8,0.00513,False,"High severity, low current likelihood",CWE-89,,
P3,35.4,2027-01-03,CVE-2026-56808,customer-portal (Angular),7.2,0.0248,False,"High severity, low current likelihood",CWE-78,,
P3,35.4,2027-01-03,CVE-2023-30435,reporting-db,8.9,0.00422,False,"High severity, low current likelihood",CWE-79,,
P3,35.3,2027-01-03,CVE-2026-73752,customer-portal (Angular),8.8,0.00469,False,"High severity, low current likelihood",CWE-22,,
P3,35.2,2027-01-03,CVE-2026-30711,claims-worker (Java),8.8,0.00456,False,"High severity, low current likelihood",CWE-89,,
P3,34.7,2027-01-03,CVE-2023-33676,claims-worker (Java),8.4,0.00672,False,"High severity, low current likelihood",CWE-89,,
P3,34.5,2027-01-03,CVE-2024-12293,payments-api (.NET 8),8.8,0.00329,False,"High severity, low current likelihood",CWE-352,,
P3,34.4,2027-01-03,CVE-2025-0064,claims-worker (Java),8.7,0.00376,False,"High severity, low current likelihood",CWE-732,,
P3,34.3,2027-01-03,CVE-2026-70432,claims-worker (Java),8.8,0.00297,False,"High severity, low current likelihood",CWE-352,,
P3,34.2,2027-01-03,CVE-2026-46808,reporting-db,8.7,0.00326,False,"High severity, low current likelihood",CWE-284,,
P3,34.1,2027-01-03,CVE-2024-49142,reporting-db,7.8,0.01096,False,"High severity, low current likelihood",CWE-416,,
P3,34.1,2027-01-03,CVE-2026-55602,claims-worker (Java),8.6,0.00378,False,"High severity, low current likelihood",CWE-20,,
P3,34.0,2027-01-03,CVE-2026-62349,customer-portal (Angular),8.3,0.00569,False,"High severity, low current likelihood",CWE-121,,
P3,33.9,2027-01-03,CVE-2025-71374,reporting-db,8.1,0.00717,False,"High severity, low current likelihood",CWE-502,,
P3,33.9,2027-01-03,CVE-2025-38290,reporting-db,8.8,0.00224,False,"High severity, low current likelihood",CWE-362,,
P3,33.8,2027-01-03,CVE-2024-47557,reporting-db,8.3,0.00523,False,"High severity, low current likelihood",CWE-22,,
P3,33.8,2027-01-03,CVE-2025-53369,k8s-ingress,8.6,0.00318,False,"High severity, low current likelihood",CWE-79,,
P3,33.7,2027-01-03,CVE-2025-6801,payments-api (.NET 8),7.5,0.01328,False,"High severity, low current likelihood",CWE-22,,
P3,33.4,2027-01-03,CVE-2026-60196,k8s-ingress,8.4,0.00378,False,"High severity, low current likelihood",CWE-284,,
P3,33.3,2027-01-03,CVE-2026-77498,payments-api (.NET 8),7.5,0.01174,False,"High severity, low current likelihood",CWE-125,,
P3,33.2,2027-01-03,CVE-2024-24955,payments-api (.NET 8),8.2,0.00489,False,"High severity, low current likelihood",CWE-787,,
P3,33.1,2027-01-03,CVE-2022-48629,k8s-ingress,8.1,0.00535,False,"High severity, low current likelihood",Other/Unknown,,
P3,33.1,2027-01-03,CVE-2025-59564,customer-portal (Angular),8.1,0.00535,False,"High severity, low current likelihood",CWE-98,,
P3,33.0,2027-01-03,CVE-2026-25884,claims-worker (Java),8.1,0.00516,False,"High severity, low current likelihood",CWE-125,,
P3,32.7,2027-01-03,CVE-2024-2048,reporting-db,8.1,0.00447,False,"High severity, low current likelihood",CWE-295,,
P3,32.7,2027-01-03,CVE-2024-42514,claims-worker (Java),8.1,0.00446,False,"High severity, low current likelihood",CWE-284,,
P3,32.6,2027-01-03,CVE-2026-48554,k8s-ingress,7.5,0.00966,False,"High severity, low current likelihood",CWE-78,,
P3,32.6,2027-01-03,CVE-2026-49366,customer-portal (Angular),7.8,0.00677,False,"High severity, low current likelihood",CWE-78,,
P3,32.6,2027-01-03,CVE-2025-53216,payments-api (.NET 8),8.1,0.00434,False,"High severity, low current likelihood",CWE-98,,
P3,32.5,2027-01-03,CVE-2026-76387,claims-worker (Java),8.1,0.00401,False,"High severity, low current likelihood",CWE-20,,
P3,32.4,2027-01-03,CVE-2024-5672,claims-worker (Java),7.2,0.0122,False,"High severity, low current likelihood",CWE-78,,
P3,32.4,2027-01-03,CVE-2025-14422,customer-portal (Angular),7.8,0.00624,False,"High severity, low current likelihood",CWE-190,,
P3,32.4,2027-01-03,CVE-2024-21146,customer-portal (Angular),8.1,0.00391,False,"High severity, low current likelihood",CWE-306,,
P3,32.3,2027-01-03,CVE-2025-64986,claims-worker (Java),7.2,0.01189,False,"High severity, low current likelihood",CWE-20,,
P3,32.3,2027-01-03,CVE-2026-83101,payments-api (.NET 8),8.1,0.00373,False,"High severity, low current likelihood",CWE-284,,
P3,32.3,2027-01-03,CVE-2026-41670,payments-api (.NET 8),8.2,0.00314,False,"High severity, low current likelihood",CWE-20,,
P3,32.2,2027-01-03,CVE-2026-51400,reporting-db,8.4,0.00181,False,"High severity, low current likelihood",CWE-401,,
P3,32.1,2027-01-03,CVE-2024-39249,claims-worker (Java),7.5,0.00819,False,"High severity, low current likelihood",CWE-1333,,
P3,32.1,2027-01-03,CVE-2026-10043,customer-portal (Angular),7.8,0.00547,False,"High severity, low current likelihood",CWE-502,,
P3,32.1,2027-01-03,CVE-2025-59944,claims-worker (Java),8.0,0.00407,False,"High severity, low current likelihood",CWE-178,,
P3,32.1,2027-01-03,CVE-2025-1801,payments-api (.NET 8),8.1,0.00327,False,"High severity, low current likelihood",CWE-362,,
P3,32.0,2027-01-03,CVE-2023-40339,claims-worker (Java),7.5,0.00778,False,"High severity, low current likelihood",Other/Unknown,,
P3,32.0,2027-01-03,CVE-2026-87471,customer-portal (Angular),8.1,0.00317,False,"High severity, low current likelihood",CWE-863,,
P3,32.0,2027-01-03,CVE-2025-23356,claims-worker (Java),8.4,0.00161,False,"High severity, low current likelihood",CWE-306,,
P3,31.8,2027-01-03,CVE-2026-73634,k8s-ingress,7.5,0.0073,False,"High severity, low current likelihood",CWE-400,,
P3,31.8,2027-01-03,CVE-2025-0187,k8s-ingress,7.5,0.00723,False,"High severity, low current likelihood",CWE-400,,
P3,31.8,2027-01-03,CVE-2024-49507,claims-worker (Java),7.8,0.00479,False,"High severity, low current likelihood",CWE-122,,
P3,31.8,2027-01-03,CVE-2026-47858,reporting-db,8.0,0.00333,False,"High severity, low current likelihood",CWE-306,,
P3,31.8,2027-01-03,CVE-2025-30142,claims-worker (Java),8.1,0.00277,False,"High severity, low current likelihood",CWE-290,,
P3,31.7,2027-01-03,CVE-2024-38788,reporting-db,7.6,0.00612,False,"High severity, low current likelihood",CWE-89,,
P3,31.7,2027-01-03,CVE-2023-25591,reporting-db,7.6,0.00608,False,"High severity, low current likelihood",CWE-266,,
P3,31.6,2027-01-03,CVE-2026-31477,customer-portal (Angular),7.5,0.00684,False,"High severity, low current likelihood",CWE-476,,
P3,31.6,2027-01-03,CVE-2023-37442,reporting-db,7.8,0.00432,False,"High severity, low current likelihood",CWE-119,,
P3,31.5,2027-01-03,CVE-2026-1022,claims-worker (Java),7.5,0.00655,False,"High severity, low current likelihood",CWE-23,,
P3,31.5,2027-01-03,CVE-2019-8963,claims-worker (Java),7.5,0.00654,False,"High severity, low current likelihood",Other/Unknown,,
P3,31.3,2027-01-03,CVE-2024-50945,k8s-ingress,7.5,0.00615,False,"High severity, low current likelihood",CWE-284,,
P3,31.3,2027-01-03,CVE-2026-89971,customer-portal (Angular),7.5,0.00609,False,"High severity, low current likelihood",Other/Unknown,,
P3,31.3,2027-01-03,CVE-2025-66905,customer-portal (Angular),7.5,0.00606,False,"High severity, low current likelihood",CWE-22,,
P3,31.2,2027-01-03,CVE-2025-24033,customer-portal (Angular),7.5,0.00573,False,"High severity, low current likelihood",CWE-770,,
P3,31.2,2027-01-03,CVE-2023-50671,k8s-ingress,7.8,0.00361,False,"High severity, low current likelihood",CWE-787,,
P3,31.2,2027-01-03,CVE-2026-62215,payments-api (.NET 8),8.0,0.0025,False,"High severity, low current likelihood",CWE-345,,
P3,31.1,2027-01-03,CVE-2023-26393,claims-worker (Java),7.8,0.00345,False,"High severity, low current likelihood",CWE-125,,
P3,31.1,2027-01-03,CVE-2026-61923,reporting-db,7.8,0.00333,False,"High severity, low current likelihood",CWE-122,,
P3,31.1,2027-01-03,CVE-2026-69424,claims-worker (Java),7.8,0.00333,False,"High severity, low current likelihood",CWE-122,,
P3,31.0,2027-01-03,CVE-2025-68496,claims-worker (Java),7.6,0.00467,False,"High severity, low current likelihood",CWE-89,,
P3,30.9,2027-01-03,CVE-2025-5636,customer-portal (Angular),7.3,0.00671,False,"High severity, low current likelihood",CWE-119,,
P3,30.9,2027-01-03,CVE-2025-62188,k8s-ingress,7.5,0.00521,False,"High severity, low current likelihood",CWE-200,,
P3,30.9,2027-01-03,CVE-2023-34145,customer-portal (Angular),7.8,0.00306,False,"High severity, low current likelihood",CWE-426,,
P3,30.8,2027-01-03,CVE-2023-26109,customer-portal (Angular),7.3,0.00656,False,"High severity, low current likelihood",CWE-120,,
P3,30.8,2027-01-03,CVE-2026-31256,reporting-db,7.5,0.00492,False,"High severity, low current likelihood",CWE-476,,
P3,30.8,2027-01-03,CVE-2022-49720,k8s-ingress,7.8,0.00297,False,"High severity, low current likelihood",CWE-129,,
P3,30.8,2027-01-03,CVE-2024-39390,claims-worker (Java),7.8,0.00295,False,"High severity, low current likelihood",CWE-787,,
P3,30.8,2027-01-03,CVE-2023-34326,customer-portal (Angular),7.8,0.00287,False,"High severity, low current likelihood",CWE-672,,
P3,30.8,2027-01-03,CVE-2025-1428,payments-api (.NET 8),7.8,0.00284,False,"High severity, low current likelihood",CWE-125,,
P3,30.7,2027-01-03,CVE-2025-41249,k8s-ingress,7.5,0.00461,False,"High severity, low current likelihood",CWE-285,,
P3,30.7,2027-01-03,CVE-2025-30299,reporting-db,7.8,0.00275,False,"High severity, low current likelihood",CWE-122,,
P3,30.6,2027-01-03,CVE-2025-53537,claims-worker (Java),7.5,0.0044,False,"High severity, low current likelihood",CWE-401,,
P3,30.6,2027-01-03,CVE-2024-42259,reporting-db,7.8,0.00265,False,"High severity, low current likelihood",CWE-131,,
P3,30.6,2027-01-03,CVE-2025-27834,payments-api (.NET 8),7.8,0.00256,False,"High severity, low current likelihood",CWE-120,,
P3,30.6,2027-01-03,CVE-2026-34643,claims-worker (Java),7.8,0.00256,False,"High severity, low current likelihood",CWE-787,,
P3,30.5,2027-01-03,CVE-2024-54546,reporting-db,7.5,0.00436,False,"High severity, low current likelihood",CWE-400,,
P3,30.5,2027-01-03,CVE-2021-47502,k8s-ingress,7.8,0.00245,False,"High severity, low current likelihood",Other/Unknown,,
P3,30.5,2027-01-03,CVE-2024-26795,k8s-ingress,7.8,0.00239,False,"High severity, low current likelihood",Other/Unknown,,
P3,30.4,2027-01-03,CVE-2023-29160,customer-portal (Angular),7.8,0.00226,False,"High severity, low current likelihood",CWE-787,,
P3,30.4,2027-01-03,CVE-2024-8591,claims-worker (Java),7.8,0.00222,False,"High severity, low current likelihood",CWE-122,,
P3,30.4,2027-01-03,CVE-2025-47750,customer-portal (Angular),7.8,0.00222,False,"High severity, low current likelihood",CWE-787,,
P3,30.3,2027-01-03,CVE-2022-50030,payments-api (.NET 8),7.8,0.0022,False,"High severity, low current likelihood",CWE-787,,
P3,30.3,2027-01-03,CVE-2023-5593,k8s-ingress,7.8,0.00216,False,"High severity, low current likelihood",CWE-787,,
P3,30.2,2027-01-03,CVE-2023-37519,k8s-ingress,7.7,0.00249,False,"High severity, low current likelihood",CWE-79,,
P3,30.2,2027-01-03,CVE-2025-7244,reporting-db,7.8,0.00205,False,"High severity, low current likelihood",CWE-119,,
P3,30.2,2027-01-03,CVE-2025-33239,payments-api (.NET 8),7.8,0.00205,False,"High severity, low current likelihood",CWE-94,,
P3,30.2,2027-01-03,CVE-2022-43778,reporting-db,7.8,0.00198,False,"High severity, low current likelihood",CWE-367,,
P3,30.2,2027-01-03,CVE-2026-31787,claims-worker (Java),7.8,0.00193,False,"High severity, low current likelihood",CWE-415,,
P3,30.1,2027-01-03,CVE-2023-26219,payments-api (.NET 8),7.4,0.00427,False,"High severity, low current likelihood",CWE-798,,
P3,30.1,2027-01-03,CVE-2025-2343,reporting-db,7.5,0.00352,False,"High severity, low current likelihood",CWE-259,,
P3,30.1,2027-01-03,CVE-2026-50158,reporting-db,7.7,0.00229,False,"High severity, low current likelihood",CWE-73,,
P3,30.1,2027-01-03,CVE-2026-31675,k8s-ingress,7.8,0.00184,False,"High severity, low current likelihood",CWE-125,,
P3,30.0,2027-01-03,CVE-2025-11063,customer-portal (Angular),7.3,0.00478,False,"High severity, low current likelihood",CWE-74,,
P3,30.0,2027-01-03,CVE-2025-7508,payments-api (.NET 8),7.3,0.00464,False,"High severity, low current likelihood",CWE-74,,
P3,30.0,2027-01-03,CVE-2026-80933,claims-worker (Java),7.8,0.00175,False,"High severity, low current likelihood",Other/Unknown,,
P3,30.0,2027-01-03,CVE-2026-74724,payments-api (.NET 8),7.8,0.00167,False,"High severity, low current likelihood",Other/Unknown,,
P3,29.9,2027-01-03,CVE-2026-47058,claims-worker (Java),7.4,0.00387,False,"High severity, low current likelihood",CWE-502,,
P3,29.9,2027-01-03,CVE-2026-42804,payments-api (.NET 8),7.6,0.00254,False,"High severity, low current likelihood",CWE-121,,
P3,29.9,2027-01-03,CVE-2026-72411,k8s-ingress,7.8,0.00165,False,"High severity, low current likelihood",Other/Unknown,,
P3,29.8,2027-01-03,CVE-2026-56210,customer-portal (Angular),7.1,0.00578,False,"High severity, low current likelihood",CWE-125,,
P3,29.8,2027-01-03,CVE-2024-53699,payments-api (.NET 8),7.2,0.00503,False,"High severity, low current likelihood",CWE-787,,
P3,29.8,2027-01-03,CVE-2026-49430,reporting-db,7.8,0.00153,False,"High severity, low current likelihood",CWE-122,,
P3,29.7,2027-01-03,CVE-2026-8128,k8s-ingress,7.3,0.00411,False,"High severity, low current likelihood",CWE-74,,
P3,29.7,2027-01-03,CVE-2024-11836,claims-worker (Java),7.5,0.00283,False,"High severity, low current likelihood",CWE-918,,
P3,29.7,2027-01-03,CVE-2026-25835,reporting-db,7.7,0.00177,False,"High severity, low current likelihood",CWE-335,,
P3,29.6,2027-01-03,CVE-2026-93798,payments-api (.NET 8),7.8,0.00127,False,"High severity, low current likelihood",Other/Unknown,,
P3,29.6,2027-01-03,CVE-2026-68153,k8s-ingress,7.8,0.00126,False,"High severity, low current likelihood",Other/Unknown,,
P3,29.5,2027-01-03,CVE-2024-32682,claims-worker (Java),7.1,0.00514,False,"High severity, low current likelihood",CWE-862,,
P3,29.5,2027-01-03,CVE-2026-55532,claims-worker (Java),7.6,0.00197,False,"High severity, low current likelihood",CWE-346,,
P3,29.5,2027-01-03,CVE-2026-64239,payments-api (.NET 8),7.8,0.00116,False,"High severity, low current likelihood",CWE-416,,
P3,29.5,2027-01-03,CVE-2026-62574,claims-worker (Java),7.8,0.00112,False,"High severity, low current likelihood",CWE-284,,
P3,29.4,2027-01-03,CVE-2024-38246,k8s-ingress,7.0,0.00567,False,"High severity, low current likelihood",CWE-121,,
P3,29.3,2027-01-03,CVE-2025-11654,payments-api (.NET 8),7.3,0.00328,False,"High severity, low current likelihood",CWE-74,,
P3,29.2,2027-01-03,CVE-2025-12499,k8s-ingress,7.2,0.00383,False,"High severity, low current likelihood",CWE-79,,
P3,28.9,2027-01-03,CVE-2024-27952,payments-api (.NET 8),7.1,0.00397,False,"High severity, low current likelihood",CWE-79,,
P3,28.8,2027-01-03,CVE-2024-32567,claims-worker (Java),7.1,0.00374,False,"High severity, low current likelihood",CWE-79,,
P3,28.8,2027-01-03,CVE-2026-33217,reporting-db,7.1,0.00367,False,"High severity, low current likelihood",CWE-863,,
P3,28.8,2027-01-03,CVE-2024-38659,reporting-db,7.3,0.00245,False,"High severity, low current likelihood",CWE-1284,,
P3,28.7,2027-01-03,CVE-2023-32597,payments-api (.NET 8),7.1,0.00353,False,"High severity, low current likelihood",CWE-79,,
P3,28.6,2027-01-03,CVE-2026-45349,k8s-ingress,7.1,0.00326,False,"High severity, low current likelihood",CWE-639,,
P3,28.6,2027-01-03,CVE-2023-30382,reporting-db,7.3,0.00219,False,"High severity, low current likelihood",CWE-787,,
P3,28.5,2027-01-03,CVE-2026-96567,payments-api (.NET 8),7.2,0.00259,False,"High severity, low current likelihood",CWE-79,,
P3,28.5,2027-01-03,CVE-2021-47897,customer-portal (Angular),7.2,0.00256,False,"High severity, low current likelihood",CWE-79,,
P3,28.4,2027-01-03,CVE-2026-70809,claims-worker (Java),7.1,0.00299,False,"High severity, low current likelihood",CWE-284,,
P3,28.3,2027-01-03,CVE-2026-60987,reporting-db,7.1,0.00279,False,"High severity, low current likelihood",CWE-284,,
P3,28.3,2027-01-03,CVE-2026-7325,reporting-db,7.1,0.00277,False,"High severity, low current likelihood",CWE-918,,
P3,28.3,2027-01-03,CVE-2025-68008,claims-worker (Java),7.1,0.00274,False,"High severity, low current likelihood",CWE-79,,
P3,28.3,2027-01-03,CVE-2026-3780,customer-portal (Angular),7.3,0.00174,False,"High severity, low current likelihood",CWE-426,,
P3,28.0,2027-01-03,CVE-2025-27271,reporting-db,7.1,0.00242,False,"High severity, low current likelihood",CWE-79,,
P3,27.9,2027-01-03,CVE-2025-14101,reporting-db,7.1,0.00226,False,"High severity, low current likelihood",CWE-639,,
P3,27.9,2027-01-03,CVE-2025-64207,k8s-ingress,7.1,0.00219,False,"High severity, low current likelihood",CWE-79,,
P3,27.8,2027-01-03,CVE-2026-32073,customer-portal (Angular),7.0,0.00264,False,"High severity, low current likelihood",CWE-416,,
P3,27.8,2027-01-03,CVE-2026-69500,payments-api (.NET 8),7.0,0.00264,False,"High severity, low current likelihood",CWE-416,,
P3,27.8,2027-01-03,CVE-2025-32113,customer-portal (Angular),7.1,0.00206,False,"High severity, low current likelihood",CWE-352,,
P3,27.7,2027-01-03,CVE-2025-30561,claims-worker (Java),7.1,0.00189,False,"High severity, low current likelihood",CWE-352,,
P3,27.6,2027-01-03,CVE-2024-53714,claims-worker (Java),7.1,0.00184,False,"High severity, low current likelihood",CWE-352,,
P3,27.5,2027-01-03,CVE-2026-89840,k8s-ingress,7.1,0.00169,False,"High severity, low current likelihood",Other/Unknown,,
P3,27.5,2027-01-03,CVE-2022-50478,customer-portal (Angular),7.1,0.00166,False,"High severity, low current likelihood",CWE-125,,
P3,27.3,2027-01-03,CVE-2025-25100,reporting-db,7.1,0.00139,False,"High severity, low current likelihood",CWE-352,,
P4,39.4,,CVE-2023-3606,reporting-db,6.3,0.07084,False,Low severity and likelihood,CWE-78,,
P4,33.0,,CVE-2025-57822,claims-worker (Java),6.5,0.02495,False,Low severity and likelihood,CWE-918,,
P4,32.4,,CVE-2025-21308,customer-portal (Angular),6.5,0.02208,False,Low severity and likelihood,CWE-200,,
P4,30.4,,CVE-2023-27867,k8s-ingress,6.3,0.01641,False,Low severity and likelihood,CWE-94,,
P4,30.2,,CVE-2025-29961,customer-portal (Angular),6.5,0.01331,False,Low severity and likelihood,CWE-125,,
P4,29.5,,CVE-2026-78493,reporting-db,5.5,0.02491,False,Low severity and likelihood,CWE-77,,
P4,29.4,,CVE-2026-43951,customer-portal (Angular),6.5,0.01043,False,Low severity and likelihood,CWE-125,,
P4,28.8,,CVE-2024-43788,reporting-db,6.4,0.00959,False,Low severity and likelihood,CWE-79,,
P4,28.6,,CVE-2019-25139,k8s-ingress,6.5,0.00814,False,Low severity and likelihood,CWE-862,,
P4,28.6,,CVE-2024-10921,payments-api (.NET 8),6.8,0.00553,False,Low severity and likelihood,CWE-158,,
P4,28.3,,CVE-2026-20096,claims-worker (Java),6.5,0.00719,False,Low severity and likelihood,CWE-77,,
P4,27.8,,CVE-2025-53774,reporting-db,6.5,0.00609,False,Low severity and likelihood,CWE-77,,
P4,27.6,,CVE-2024-45433,k8s-ingress,6.5,0.00555,False,Low severity and likelihood,CWE-705,,
P4,27.5,,CVE-2024-31453,claims-worker (Java),6.5,0.00524,False,Low severity and likelihood,CWE-434,,
P4,27.5,,CVE-2023-49006,payments-api (.NET 8),6.5,0.00524,False,Low severity and likelihood,CWE-352,,
P4,27.4,,CVE-2026-76358,claims-worker (Java),6.5,0.00517,False,Low severity and likelihood,CWE-22,,
P4,27.4,,CVE-2023-50831,k8s-ingress,6.5,0.00517,False,Low severity and likelihood,CWE-79,,
P4,27.4,,CVE-2023-2239,claims-worker (Java),6.5,0.00504,False,Low severity and likelihood,CWE-359,,
P4,27.3,,CVE-2023-7097,payments-api (.NET 8),6.3,0.00649,False,Low severity and likelihood,CWE-89,,
P4,27.2,,CVE-2025-1812,claims-worker (Java),6.3,0.0062,False,Low severity and likelihood,CWE-74,,
P4,27.2,,CVE-2024-3963,customer-portal (Angular),6.5,0.00477,False,Low severity and likelihood,CWE-79,,
P4,27.1,,CVE-2025-5971,customer-portal (Angular),6.3,0.00598,False,Low severity and likelihood,CWE-74,,
P4,27.1,,CVE-2023-28003,claims-worker (Java),6.7,0.00318,False,Low severity and likelihood,CWE-613,,
P4,27.0,,CVE-2026-47149,k8s-ingress,6.5,0.00436,False,Low severity and likelihood,CWE-125,,
P4,27.0,,CVE-2025-27139,reporting-db,6.8,0.00241,False,Low severity and likelihood,CWE-79,,
P4,26.9,,CVE-2026-28918,reporting-db,6.5,0.00417,False,Low severity and likelihood,CWE-125,,
P4,26.9,,CVE-2026-52716,reporting-db,6.5,0.00406,False,Low severity and likelihood,CWE-22,,
P4,26.9,,CVE-2024-37477,customer-portal (Angular),6.5,0.00405,False,Low severity and likelihood,CWE-862,,
P4,26.8,,CVE-2026-7457,payments-api (.NET 8),6.4,0.0045,False,Low severity and likelihood,CWE-79,,
P4,26.7,,CVE-2023-5308,k8s-ingress,6.4,0.00436,False,Low severity and likelihood,CWE-79,,
P4,26.5,,CVE-2026-100902,k8s-ingress,6.5,0.00334,False,Low severity and likelihood,CWE-20,,
P4,26.4,,CVE-2024-24450,k8s-ingress,5.3,0.01472,False,Low severity and likelihood,CWE-120,,
P4,26.4,,CVE-2026-3438,claims-worker (Java),6.1,0.00611,False,Low severity and likelihood,CWE-79,,
P4,26.4,,CVE-2026-20238,reporting-db,6.5,0.0032,False,Low severity and likelihood,CWE-863,,
P4,26.4,,CVE-2025-9463,claims-worker (Java),6.5,0.00315,False,Low severity and likelihood,CWE-89,,
P4,26.4,,CVE-2024-27988,k8s-ingress,6.5,0.00312,False,Low severity and likelihood,CWE-79,,
P4,26.3,,CVE-2025-22465,customer-portal (Angular),6.1,0.0058,False,Low severity and likelihood,CWE-79,,
P4,26.3,,CVE-2024-3688,reporting-db,6.3,0.0043,False,Low severity and likelihood,CWE-89,,
P4,26.3,,CVE-2024-39284,k8s-ingress,6.7,0.00199,False,Low severity and likelihood,CWE-427,,
P4,26.2,,CVE-2024-0889,customer-portal (Angular),5.3,0.01371,False,Low severity and likelihood,CWE-404,,
P4,26.2,,CVE-2022-26345,reporting-db,6.7,0.00179,False,Low severity and likelihood,CWE-427,,
P4,26.1,,CVE-2026-6117,claims-worker (Java),6.3,0.00379,False,Low severity and likelihood,CWE-264,,
P4,26.1,,CVE-2025-46505,k8s-ingress,6.5,0.00269,False,Low severity and likelihood,CWE-79,,
P4,26.1,,CVE-2024-38712,customer-portal (Angular),6.5,0.00263,False,Low severity and likelihood,CWE-79,,
P4,26.0,,CVE-2024-43278,claims-worker (Java),6.5,0.00253,False,Low severity and likelihood,CWE-79,,
P4,26.0,,CVE-2025-49243,payments-api (.NET 8),6.5,0.00252,False,Low severity and likelihood,CWE-79,,
P4,26.0,,CVE-2025-27334,claims-worker (Java),6.5,0.00252,False,Low severity and likelihood,CWE-79,,
P4,25.9,,CVE-2024-35666,reporting-db,6.5,0.00237,False,Low severity and likelihood,CWE-79,,
P4,25.9,,CVE-2024-37247,k8s-ingress,6.5,0.00236,False,Low severity and likelihood,CWE-79,,
P4,25.9,,CVE-2024-31958,claims-worker (Java),6.8,0.00107,False,Low severity and likelihood,CWE-354,,
P4,25.8,,CVE-2025-10790,reporting-db,6.3,0.00335,False,Low severity and likelihood,CWE-74,,
P4,25.8,,CVE-2026-62670,claims-worker (Java),6.3,0.00332,False,Low severity and likelihood,CWE-862,,
P4,25.8,,CVE-2025-53673,payments-api (.NET 8),6.5,0.0022,False,Low severity and likelihood,CWE-311,,
P4,25.7,,CVE-2026-18726,reporting-db,6.5,0.00206,False,Low severity and likelihood,CWE-835,,
P4,25.7,,CVE-2025-13669,claims-worker (Java),6.7,0.00118,False,Low severity and likelihood,CWE-427,,
P4,25.6,,CVE-2024-2494,claims-worker (Java),6.2,0.00367,False,Low severity and likelihood,CWE-789,,
P4,25.6,,CVE-2025-31647,customer-portal (Angular),6.7,0.0011,False,Low severity and likelihood,CWE-427,,
P4,25.5,,CVE-2024-32780,customer-portal (Angular),5.9,0.00554,False,Low severity and likelihood,CWE-200,,
P4,25.5,,CVE-2024-44796,claims-worker (Java),6.1,0.00399,False,Low severity and likelihood,CWE-79,,
P4,25.5,,CVE-2024-33036,k8s-ingress,6.7,0.00102,False,Low severity and likelihood,CWE-823,,
P4,25.4,,CVE-2026-5791,payments-api (.NET 8),6.5,0.00167,False,Low severity and likelihood,CWE-352,,
P4,25.3,,CVE-2026-10168,payments-api (.NET 8),6.3,0.00243,False,Low severity and likelihood,CWE-99,,
P4,25.1,,CVE-2026-11440,payments-api (.NET 8),6.3,0.00214,False,Low severity and likelihood,CWE-266,,
P4,25.0,,CVE-2024-39683,claims-worker (Java),5.7,0.00609,False,Low severity and likelihood,CWE-200,,
P4,24.8,,CVE-2026-44759,claims-worker (Java),6.1,0.00286,False,Low severity and likelihood,CWE-79,,
P4,24.8,,CVE-2026-5776,claims-worker (Java),6.1,0.00275,False,Low severity and likelihood,Other/Unknown,,
P4,24.8,,CVE-2023-6008,reporting-db,6.3,0.00176,False,Low severity and likelihood,CWE-352,,
P4,24.7,,CVE-2023-36678,payments-api (.NET 8),5.9,0.00396,False,Low severity and likelihood,CWE-79,,
P4,24.6,,CVE-2026-19974,reporting-db,5.6,0.00586,False,Low severity and likelihood,CWE-287,,
P4,24.6,,CVE-2026-55991,reporting-db,5.9,0.00365,False,Low severity and likelihood,CWE-195,,
P4,24.5,,CVE-2025-62359,payments-api (.NET 8),6.1,0.00234,False,Low severity and likelihood,CWE-79,,
P4,24.5,,CVE-2025-0209,reporting-db,6.1,0.00233,False,Low severity and likelihood,CWE-79,,
P4,24.3,,CVE-2021-47967,reporting-db,6.1,0.00211,False,Low severity and likelihood,CWE-79,,
P4,24.0,,CVE-2022-30339,payments-api (.NET 8),6.0,0.00218,False,Low severity and likelihood,CWE-125,,
P4,24.0,,CVE-2026-61784,k8s-ingress,6.1,0.00168,False,Low severity and likelihood,CWE-79,,
P4,23.9,,CVE-2023-48475,reporting-db,5.4,0.00597,False,Low severity and likelihood,CWE-79,,
P4,23.8,,CVE-2021-34475,claims-worker (Java),5.4,0.00567,False,Low severity and likelihood,Other/Unknown,,
P4,23.8,,CVE-2023-50349,claims-worker (Java),5.9,0.00241,False,Low severity and likelihood,CWE-352,,
P4,23.7,,CVE-2025-9405,reporting-db,5.3,0.00632,False,Low severity and likelihood,CWE-617,,
P4,23.7,,CVE-2025-8802,reporting-db,5.3,0.00628,False,Low severity and likelihood,CWE-404,,
P4,23.7,,CVE-2021-36538,customer-portal (Angular),5.4,0.00551,False,Low severity and likelihood,CWE-79,,
P4,23.7,,CVE-2026-72861,claims-worker (Java),5.8,0.00269,False,Low severity and likelihood,CWE-347,,
P4,23.7,,CVE-2025-48313,payments-api (.NET 8),5.9,0.00218,False,Low severity and likelihood,CWE-79,,
P4,23.6,,CVE-2024-45811,claims-worker (Java),4.8,0.01096,False,Low severity and likelihood,CWE-200,,
P4,23.4,,CVE-2026-5484,payments-api (.NET 8),5.3,0.0055,False,Low severity and likelihood,CWE-266,,
P4,23.4,,CVE-2022-47415,claims-worker (Java),5.4,0.00477,False,Low severity and likelihood,CWE-79,,
P4,23.4,,CVE-2022-4484,reporting-db,5.4,0.00471,False,Low severity and likelihood,Other/Unknown,,
P4,23.3,,CVE-2024-37169,k8s-ingress,5.3,0.00529,False,Low severity and likelihood,CWE-22,,
P4,23.3,,CVE-2023-0233,reporting-db,5.4,0.00462,False,Low severity and likelihood,Other/Unknown,,
P4,23.0,,CVE-2025-5876,k8s-ingress,5.3,0.0047,False,Low severity and likelihood,CWE-287,,
P4,23.0,,CVE-2026-4024,claims-worker (Java),5.3,0.00463,False,Low severity and likelihood,CWE-862,,
P4,23.0,,CVE-2026-8739,customer-portal (Angular),5.3,0.00462,False,Low severity and likelihood,CWE-320,,
P4,23.0,,CVE-2024-2583,payments-api (.NET 8),5.4,0.00403,False,Low severity and likelihood,CWE-79,,
P4,23.0,,CVE-2025-30694,customer-portal (Angular),5.4,0.00395,False,Low severity and likelihood,CWE-284,,
P4,23.0,,CVE-2021-34949,customer-portal (Angular),5.5,0.0034,False,Low severity and likelihood,CWE-125,,
P4,22.9,,CVE-2025-46152,k8s-ingress,5.3,0.00453,False,Low severity and likelihood,CWE-787,,
P4,22.9,,CVE-2026-2519,claims-worker (Java),5.3,0.00452,False,Low severity and likelihood,CWE-472,,
P4,22.9,,CVE-2026-30224,k8s-ingress,5.4,0.00388,False,Low severity and likelihood,CWE-384,,
P4,22.9,,CVE-2026-27902,payments-api (.NET 8),5.4,0.00388,False,Low severity and likelihood,CWE-79,,
P4,22.9,,CVE-2025-67855,claims-worker (Java),5.4,0.00385,False,Low severity and likelihood,CWE-79,,
P4,22.9,,CVE-2023-45636,k8s-ingress,5.4,0.0038,False,Low severity and likelihood,CWE-862,,
P4,22.9,,CVE-2023-26283,payments-api (.NET 8),5.4,0.00371,False,Low severity and likelihood,CWE-79,,
P4,22.9,,CVE-2026-79672,customer-portal (Angular),5.5,0.00319,False,Low severity and likelihood,CWE-862,,
P4,22.7,,CVE-2026-51737,payments-api (.NET 8),5.3,0.00403,False,Low severity and likelihood,CWE-284,,
P4,22.7,,CVE-2024-48941,customer-portal (Angular),5.4,0.0034,False,Low severity and likelihood,CWE-266,,
P4,22.7,,CVE-2024-44273,reporting-db,5.5,0.00278,False,Low severity and likelihood,CWE-59,,
P4,22.6,,CVE-2026-32244,payments-api (.NET 8),5.3,0.00382,False,Low severity and likelihood,CWE-200,,
P4,22.6,,CVE-2023-47561,payments-api (.NET 8),5.5,0.00262,False,Low severity and likelihood,CWE-79,,
P4,22.6,,CVE-2022-49100,k8s-ingress,5.5,0.0026,False,Low severity and likelihood,Other/Unknown,,
P4,22.5,,CVE-2025-6516,k8s-ingress,5.3,0.00376,False,Low severity and likelihood,CWE-119,,
P4,22.5,,CVE-2026-14614,reporting-db,5.4,0.00315,False,Low severity and likelihood,CWE-639,,
P4,22.5,,CVE-2021-47597,reporting-db,5.5,0.00254,False,Low severity and likelihood,CWE-908,,
P4,22.5,,CVE-2024-56534,payments-api (.NET 8),5.5,0.00253,False,Low severity and likelihood,CWE-401,,
P4,22.4,,CVE-2025-47481,customer-portal (Angular),5.3,0.00348,False,Low severity and likelihood,CWE-94,,
P4,22.4,,CVE-2024-51471,k8s-ingress,5.3,0.00344,False,Low severity and likelihood,CWE-125,,
P4,22.4,,CVE-2024-12713,payments-api (.NET 8),5.3,0.00343,False,Low severity and likelihood,CWE-862,,
P4,22.4,,CVE-2024-6175,k8s-ingress,5.4,0.00298,False,Low severity and likelihood,CWE-862,,
P4,22.4,,CVE-2021-47166,payments-api (.NET 8),5.5,0.00238,False,Low severity and likelihood,CWE-787,,
P4,22.4,,CVE-2024-49961,reporting-db,5.5,0.00236,False,Low severity and likelihood,Other/Unknown,,
P4,22.4,,CVE-2024-49942,k8s-ingress,5.5,0.00235,False,Low severity and likelihood,CWE-476,,
P4,22.3,,CVE-2025-4520,reporting-db,5.4,0.00279,False,Low severity and likelihood,CWE-862,,
P4,22.2,,CVE-2025-5174,customer-portal (Angular),5.3,0.00322,False,Low severity and likelihood,CWE-20,,
P4,22.2,,CVE-2026-61050,reporting-db,5.3,0.00314,False,Low severity and likelihood,CWE-200,,
P4,22.2,,CVE-2026-49053,reporting-db,5.3,0.00313,False,Low severity and likelihood,CWE-862,,
P4,22.2,,CVE-2025-64591,customer-portal (Angular),5.4,0.0025,False,Low severity and likelihood,CWE-79,,
P4,22.1,,CVE-2026-27368,payments-api (.NET 8),5.3,0.00305,False,Low severity and likelihood,CWE-862,,
P4,22.1,,CVE-2024-38290,reporting-db,5.3,0.00301,False,Low severity and likelihood,CWE-200,,
P4,22.1,,CVE-2026-81915,reporting-db,5.3,0.00291,False,Low severity and likelihood,CWE-639,,
P4,22.1,,CVE-2023-25709,reporting-db,5.4,0.00248,False,Low severity and likelihood,CWE-352,,
P4,22.1,,CVE-2025-63291,claims-worker (Java),5.4,0.00241,False,Low severity and likelihood,CWE-639,,
P4,22.1,,CVE-2025-2167,customer-portal (Angular),5.4,0.00238,False,Low severity and likelihood,CWE-79,,
P4,22.1,,CVE-2024-26867,reporting-db,5.5,0.00193,False,Low severity and likelihood,CWE-476,,
P4,22.1,,CVE-2023-53366,customer-portal (Angular),5.5,0.00187,False,Low severity and likelihood,CWE-476,,
P4,22.0,,CVE-2026-21499,payments-api (.NET 8),5.5,0.00184,False,Low severity and likelihood,CWE-20,,
P4,21.9,,CVE-2025-43877,k8s-ingress,5.4,0.0022,False,Low severity and likelihood,CWE-79,,
P4,21.9,,CVE-2026-64309,reporting-db,5.5,0.00169,False,Low severity and likelihood,CWE-908,,
P4,21.9,,CVE-2026-64173,customer-portal (Angular),5.5,0.00162,False,Low severity and likelihood,Other/Unknown,,
P4,21.8,,CVE-2026-19636,k8s-ingress,5.3,0.00257,False,Low severity and likelihood,CWE-1270,,
P4,21.8,,CVE-2025-64635,claims-worker (Java),5.3,0.00254,False,Low severity and likelihood,CWE-862,,
P4,21.8,,CVE-2025-64800,claims-worker (Java),5.4,0.00203,False,Low severity and likelihood,CWE-79,,
P4,21.8,,CVE-2023-53182,customer-portal (Angular),5.5,0.00156,False,Low severity and likelihood,Other/Unknown,,
P4,21.7,,CVE-2025-68508,reporting-db,5.3,0.00232,False,Low severity and likelihood,CWE-862,,
P4,21.7,,CVE-2024-54460,payments-api (.NET 8),5.5,0.00138,False,Low severity and likelihood,CWE-667,,
P4,21.6,,CVE-2019-25218,reporting-db,4.9,0.00476,False,Low severity and likelihood,CWE-89,,
P4,21.6,,CVE-2026-53331,reporting-db,5.5,0.00129,False,Low severity and likelihood,Other/Unknown,,
P4,21.6,,CVE-2023-53665,payments-api (.NET 8),5.5,0.00127,False,Low severity and likelihood,Other/Unknown,,
P4,21.5,,CVE-2026-88279,k8s-ingress,4.9,0.0044,False,Low severity and likelihood,CWE-121,,
P4,21.4,,CVE-2024-43051,payments-api (.NET 8),5.5,0.00107,False,Low severity and likelihood,CWE-285,,
P4,21.2,,CVE-2022-47368,payments-api (.NET 8),5.5,0.00091,False,Low severity and likelihood,CWE-787,,
P4,20.9,,CVE-2026-25496,payments-api (.NET 8),4.8,0.00394,False,Low severity and likelihood,CWE-79,,
P4,20.9,,CVE-2023-20005,customer-portal (Angular),4.8,0.00391,False,Low severity and likelihood,CWE-79,,
P4,20.8,,CVE-2025-11980,k8s-ingress,4.9,0.00307,False,Low severity and likelihood,CWE-89,,
P4,20.2,,CVE-2024-22370,k8s-ingress,4.6,0.00407,False,Low severity and likelihood,CWE-79,,
P4,20.1,,CVE-2024-51960,k8s-ingress,4.8,0.00265,False,Low severity and likelihood,CWE-79,,
P4,20.0,,CVE-2025-67461,reporting-db,5.0,0.00144,False,Low severity and likelihood,CWE-73,,
P4,19.9,,CVE-2025-10766,k8s-ingress,4.3,0.0055,False,Low severity and likelihood,CWE-22,,
P4,19.9,,CVE-2023-34626,payments-api (.NET 8),4.3,0.00546,False,Low severity and likelihood,CWE-89,,
P4,19.8,,CVE-2024-2432,customer-portal (Angular),4.5,0.00386,False,Low severity and likelihood,CWE-269,,
P4,19.6,,CVE-2024-1571,customer-portal (Angular),4.4,0.00422,False,Low severity and likelihood,CWE-79,,
P4,19.5,,CVE-2026-85382,payments-api (.NET 8),4.3,0.0047,False,Low severity and likelihood,CWE-79,,
P4,19.3,,CVE-2024-7981,k8s-ingress,4.3,0.00422,False,Low severity and likelihood,CWE-290,,
P4,19.3,,CVE-2026-30613,reporting-db,4.6,0.00244,False,Low severity and likelihood,CWE-200,,
P4,19.2,,CVE-2025-20389,reporting-db,4.3,0.00415,False,Low severity and likelihood,CWE-20,,
P4,19.2,,CVE-2024-54026,reporting-db,4.3,0.0041,False,Low severity and likelihood,CWE-89,,
P4,19.0,,CVE-2026-16450,reporting-db,4.3,0.00374,False,Low severity and likelihood,CWE-285,,
P4,18.9,,CVE-2025-13244,claims-worker (Java),4.3,0.00359,False,Low severity and likelihood,CWE-79,,
P4,18.9,,CVE-2026-92569,payments-api (.NET 8),4.3,0.00342,False,Low severity and likelihood,CWE-918,,
P4,18.8,,CVE-2026-9162,customer-portal (Angular),4.3,0.00334,False,Low severity and likelihood,CWE-613,,
P4,18.8,,CVE-2025-48991,customer-portal (Angular),4.6,0.00171,False,Low severity and likelihood,CWE-352,,
P4,18.7,,CVE-2024-12062,reporting-db,4.3,0.00309,False,Low severity and likelihood,CWE-639,,
P4,18.6,,CVE-2023-49763,reporting-db,4.3,0.00294,False,Low severity and likelihood,CWE-352,,
P4,18.3,,CVE-2023-25482,reporting-db,4.3,0.00256,False,Low severity and likelihood,CWE-352,,
P4,18.3,,CVE-2026-79284,payments-api (.NET 8),4.3,0.00245,False,Low severity and likelihood,CWE-451,,
P4,18.3,,CVE-2026-25318,k8s-ingress,4.3,0.00244,False,Low severity and likelihood,CWE-862,,
P4,18.1,,CVE-2026-39592,payments-api (.NET 8),4.3,0.00226,False,Low severity and likelihood,CWE-862,,
P4,18.1,,CVE-2025-60167,customer-portal (Angular),4.3,0.00224,False,Low severity and likelihood,CWE-497,,
P4,18.0,,CVE-2025-31769,payments-api (.NET 8),4.3,0.00209,False,Low severity and likelihood,CWE-352,,
P4,18.0,,CVE-2025-30823,reporting-db,4.3,0.00209,False,Low severity and likelihood,CWE-352,,
P4,17.9,,CVE-2025-36636,reporting-db,4.3,0.00194,False,Low severity and likelihood,CWE-284,,
P4,17.9,,CVE-2025-32268,reporting-db,4.3,0.00188,False,Low severity and likelihood,CWE-352,,
P4,17.6,,CVE-2025-14167,customer-portal (Angular),4.3,0.00157,False,Low severity and likelihood,CWE-352,,
P4,17.4,,CVE-2026-79084,k8s-ingress,4.3,0.0013,False,Low severity and likelihood,CWE-326,,
P4,17.1,,CVE-2024-3612,payments-api (.NET 8),3.5,0.0055,False,Low severity and likelihood,CWE-79,,
P4,17.1,,CVE-2024-31580,k8s-ingress,4.0,0.00225,False,Low severity and likelihood,CWE-122,,
P4,16.9,,CVE-2023-3563,k8s-ingress,3.5,0.00506,False,Low severity and likelihood,CWE-79,,
P4,16.7,,CVE-2024-13034,reporting-db,3.5,0.00467,False,Low severity and likelihood,CWE-79,,
P4,16.4,,CVE-2026-86407,reporting-db,3.7,0.0028,False,Low severity and likelihood,CWE-200,,
P4,15.7,,CVE-2026-65062,k8s-ingress,3.8,0.00142,False,Low severity and likelihood,CWE-59,,
P4,14.7,,CVE-2024-27799,reporting-db,3.3,0.00235,False,Low severity and likelihood,Other/Unknown,,
P4,14.1,,CVE-2025-2355,reporting-db,3.3,0.00157,False,Low severity and likelihood,CWE-255,,
P4,13.8,,CVE-2026-31974,reporting-db,3.0,0.0026,False,Low severity and likelihood,CWE-918,,
P4,13.1,,CVE-2024-45712,k8s-ingress,2.6,0.00377,False,Low severity and likelihood,CWE-79,,
P4,13.0,,CVE-2025-27149,customer-portal (Angular),2.7,0.00299,False,Low severity and likelihood,CWE-497,,
P4,12.7,,CVE-2026-45155,claims-worker (Java),2.6,0.00306,False,Low severity and likelihood,CWE-639,,
P4,12.6,,CVE-2026-40228,k8s-ingress,2.9,0.00139,False,Low severity and likelihood,CWE-669,,
